{
  "MobileNetV2": {
    "val_accuracy": 0.07653061224489796,
    "final_train_accuracy": 0.09253731369972229,
    "final_val_accuracy": 0.10975609719753265,
    "final_train_loss": 2.552478075027466,
    "final_val_loss": 2.5311155319213867,
    "epochs_trained": 5,
    "epoch_durations_sec": [
      52.14955661499971,
      48.49177942899951,
      45.86159391500041,
      47.563883703999636,
      46.89140837099967
    ]
  }
}